PCA,fit,se.fit,lower,upper,contrast,contrast_label,pair
-3.13660674577695,0.766716370286076,0.24161149215907224,0.2881305046000176,1.2453022359721344,BB,BB,BB vs BM
-3.101564020856795,0.767500065798717,0.23953181377853522,0.2930336427318971,1.2419664888655368,BB,BB,BB vs BM
-3.06652129593664,0.7682837613113579,0.23745748157339466,0.29792619111923513,1.2386413315034805,BB,BB,BB vs BM
-3.031478571016485,0.7690674568239989,0.23538863688115028,0.30280786979964663,1.2353270438483512,BB,BB,BB vs BM
-2.9964358460963303,0.7698511523366399,0.2333254256715194,0.3076783896352146,1.2320239150380652,BB,BB,BB vs BM
-2.961393121176175,0.7706348478492809,0.23126799871851747,0.31253745197163224,1.2287322437269297,BB,BB,BB vs BM
-2.9263503962560202,0.771418543361922,0.22921651177911115,0.3173847482843255,1.2254523384395184,BB,BB,BB vs BM
-2.8913076713358654,0.772202238874563,0.22717112577865475,0.3222199598111389,1.222184517937987,BB,BB,BB vs BM
-2.85626494641571,0.772985934387204,0.22513200700331815,0.32704275717117326,1.2189291116032348,BB,BB,BB vs BM
-2.8212222214955553,0.7737696298998449,0.2230993272997155,0.3318527999693591,1.2156864598303305,BB,BB,BB vs BM
-2.7861794965754,0.7745533254124859,0.22107326428193846,0.33664973638636464,1.212456914438607,BB,BB,BB vs BM
-2.7511367716552453,0.7753370209251269,0.2190540015461959,0.34143320275343464,1.2092408390968192,BB,BB,BB vs BM
-2.7160940467350905,0.7761207164377679,0.21704172889325352,0.3462028231117811,1.2060386097637548,BB,BB,BB vs BM
-2.681051321814935,0.7769044119504089,0.2150366425588603,0.3509582087561526,1.2028506151446652,BB,BB,BB vs BM
-2.6460085968947804,0.77768810746305,0.21303894545233815,0.35569895776223415,1.1996772571638656,BB,BB,BB vs BM
-2.610965871974625,0.778471802975691,0.2110488474034964,0.36042465449755706,1.1965189514538248,BB,BB,BB vs BM
-2.5759231470544703,0.7792554984883319,0.2090665654180196,0.3651348691156248,1.1933761278610389,BB,BB,BB vs BM
-2.5408804221343155,0.7800391940009729,0.20709232394145516,0.3698291570330048,1.190249230968941,BB,BB,BB vs BM
-2.5058376972141607,0.7808228895136139,0.20512635513190616,0.37450705838917553,1.1871387206380524,BB,BB,BB vs BM
-2.4707949722940055,0.7816065850262549,0.20316889914150713,0.379168097488978,1.1840450725635319,BB,BB,BB vs BM
-2.4357522473738507,0.7823902805388959,0.20122020440672872,0.38381178222757756,1.1809687788502143,BB,BB,BB vs BM
-2.4007095224536954,0.7831739760515369,0.19928052794751983,0.3884376034979213,1.1779103486051525,BB,BB,BB vs BM
-2.3656667975335406,0.783957671564178,0.1973501356752549,0.3930450345807534,1.1748703085476024,BB,BB,BB vs BM
-2.3306240726133858,0.7847413670768189,0.19542930270940326,0.3976335305173542,1.1718492036362835,BB,BB,BB vs BM
-2.295581347693231,0.7855250625894599,0.19351831370278208,0.4022025274652771,1.1688475977136425,BB,BB,BB vs BM
-2.2605386227730757,0.7863087581021009,0.19161746317519165,0.4067514420374806,1.165866074166721,BB,BB,BB vs BM
-2.225495897852921,0.7870924536147419,0.18972705585515798,0.4112796706254023,1.1629052366040815,BB,BB,BB vs BM
-2.1904531729327656,0.7878761491273829,0.18784740702942723,0.4157865887066779,1.159965709548088,BB,BB,BB vs BM
-2.155410448012611,0.7886598446400239,0.1859788428997641,0.4202715501383919,1.157048139141656,BB,BB,BB vs BM
-2.120367723092456,0.7894435401526649,0.18412170094650365,0.4247338864369517,1.1541531938683782,BB,BB,BB vs BM
-2.0853249981723008,0.790227235665306,0.18227633029819051,0.4291729060459032,1.1512815652847088,BB,BB,BB vs BM
-2.050282273252146,0.7910109311779469,0.18044309210651188,0.4335878935932608,1.148433968762633,BB,BB,BB vs BM
-2.0152395483319907,0.7917946266905879,0.1786223599255871,0.43797810914020824,1.1456111442409675,BB,BB,BB vs BM
-1.980196823411836,0.7925783222032289,0.17681452009452045,0.44234278742333405,1.1428138569831237,BB,BB,BB vs BM
-1.945154098491681,0.7933620177158699,0.17501997212194936,0.44668113709291657,1.140042898338823,BB,BB,BB vs BM
-1.910111373571526,0.7941457132285109,0.1732391290711283,0.4509923399501465,1.1372990865068753,BB,BB,BB vs BM
-1.875068648651371,0.7949294087411519,0.1714724179438807,0.4552755501865917,1.1345832672957121,BB,BB,BB vs BM
-1.840025923731216,0.7957131042537928,0.16972028006152218,0.45952989362966223,1.1318963148779235,BB,BB,BB vs BM
-1.8049831988110612,0.7964967997664338,0.1679831714406086,0.46375446699832545,1.1292391325345421,BB,BB,BB vs BM
-1.7699404738909061,0.7972804952790749,0.16626156316109572,0.4679483371738525,1.1266126533842973,BB,BB,BB vs BM
-1.734897748970751,0.7980641907917159,0.16455594172420485,0.47211054049095547,1.1240178410924764,BB,BB,BB vs BM
-1.6998550240505963,0.7988478863043569,0.16286680939697795,0.4762400820552899,1.1214556905534239,BB,BB,BB vs BM
-1.6648122991304413,0.7996315818169979,0.16119468454017313,0.48033593509395717,1.1189272285400387,BB,BB,BB vs BM
-1.6297695742102862,0.8004152773296389,0.1595401019157976,0.4843970403463408,1.116433514312937,BB,BB,BB vs BM
-1.5947268492901312,0.8011989728422799,0.15790361297020086,0.48842230550335297,1.1139756401812069,BB,BB,BB vs BM
-1.5596841243699764,0.8019826683549208,0.1562857860882609,0.49241060470394116,1.1115547320059005,BB,BB,BB vs BM
-1.5246413994498214,0.8027663638675618,0.15468720681378617,0.49636077809851414,1.1091719496366095,BB,BB,BB vs BM
-1.4895986745296663,0.8035500593802029,0.15310847803083677,0.5002716314897792,1.1068284872706267,BB,BB,BB vs BM
-1.4545559496095115,0.8043337548928439,0.15155022010023658,0.504141936062338,1.1045255737233497,BB,BB,BB vs BM
-1.4195132246893565,0.8051174504054849,0.15001307094511407,0.5079704282132471,1.1022644725977226,BB,BB,BB vs BM
-1.3844704997692014,0.8059011459181259,0.1484976860788755,0.5117558094966083,1.1000464823396436,BB,BB,BB vs BM
-1.3494277748490464,0.8066848414307669,0.14700473856858984,0.5154967466960954,1.0978729361654385,BB,BB,BB vs BM
-1.3143850499288916,0.8074685369434078,0.14553491892635728,0.5191918720401332,1.0957452018466824,BB,BB,BB vs BM
-1.2793423250087366,0.8082522324560488,0.14408893492085395,0.5228397835751909,1.0936646813369069,BB,BB,BB vs BM
-1.2442996000885815,0.8090359279686898,0.14266751130090385,0.5264390457133323,1.0916328102240473,BB,BB,BB vs BM
-1.2092568751684265,0.8098196234813309,0.14127138942264192,0.5299881899707346,1.089651056991927,BB,BB,BB vs BM
-1.1742141502482717,0.8106033189939719,0.13990132677160966,0.5334857159143251,1.0877209220736186,BB,BB,BB vs BM
-1.1391714253281167,0.8113870145066129,0.13855809637098954,0.5369300923339546,1.0858439366792711,BB,BB,BB vs BM
-1.1041287004079616,0.8121707100192539,0.13724248606714648,0.5403197586576018,1.084021661380906,BB,BB,BB vs BM
-1.0690859754878068,0.8129544055318948,0.13595529768373177,0.543653126626932,1.0822556844368576,BB,BB,BB vs BM
-1.0340432505676516,0.8137381010445358,0.1346973460358299,0.5469285822500811,1.0805476198389905,BB,BB,BB vs BM
-0.9990005256474968,0.8145217965571768,0.13346945779601727,0.5501444880477758,1.078899105066578,BB,BB,BB vs BM
-0.9639578007273419,0.8153054920698178,0.13227247020477212,0.553299185607763,1.0773117985318725,BB,BB,BB vs BM
-0.9289150758071867,0.8160891875824589,0.13110722961844848,0.5563909984609943,1.0757873767039234,BB,BB,BB vs BM
-0.8938723508870319,0.8168728830950999,0.12997458988902244,0.5594182352910363,1.0743275308991636,BB,BB,BB vs BM
-0.8588296259668771,0.8176565786077409,0.12887541057105242,0.5623791934857377,1.072933963729744,BB,BB,BB vs BM
-0.8237869010467218,0.8184402741203818,0.12781055495278096,0.5652721630372377,1.0716083852035259,BB,BB,BB vs BM
-0.788744176126567,0.8192239696330228,0.12678088791005176,0.5680954307929428,1.070352508473103,BB,BB,BB vs BM
-0.7537014512064122,0.8200076651456638,0.125787273583726,0.5708472850561188,1.0691680452352088,BB,BB,BB vs BM
-0.7186587262862569,0.8207913606583048,0.12483057288355247,0.5735260205302429,1.0680567007863668,BB,BB,BB vs BM
-0.6836160013661021,0.8215750561709458,0.12391164082396551,0.5761299435962759,1.0670201687456158,BB,BB,BB vs BM
-0.6485732764459469,0.8223587516835869,0.12303132370003063,0.57865737790657,1.0660601254606037,BB,BB,BB vs BM
-0.6135305515257921,0.8231424471962279,0.12219045611470136,0.5811066702733011,1.0651782241191547,BB,BB,BB vs BM
-0.5784878266056372,0.8239261427088688,0.12138985787164658,0.5834761968231794,1.0643760885945581,BB,BB,BB vs BM
-0.543445101685482,0.8247098382215098,0.12063033075110548,0.5857643693838612,1.0636553070591583,BB,BB,BB vs BM
-0.5084023767653272,0.8254935337341508,0.11991265518946034,0.5879696420610749,1.0630174254072267,BB,BB,BB vs BM
-0.47335965184517237,0.8262772292467918,0.11923758688641126,0.5900905179591558,1.0624639405344278,BB,BB,BB vs BM
-0.4383169269250171,0.8270609247594328,0.11860585336670904,0.592125555991591,1.0619962935272746,BB,BB,BB vs BM
-0.4032742020048623,0.8278446202720738,0.11801815052625955,0.5940733777225227,1.061615862821625,BB,BB,BB vs BM
-0.3682314770847075,0.8286283157847149,0.1174751391949598,0.595932674175107,1.0613239573943227,BB,BB,BB vs BM
-0.33318875216455224,0.8294120112973558,0.11697744175076775,0.5977022125383917,1.0611218100563198,BB,BB,BB vs BM
-0.2981460272443974,0.8301957068099968,0.1165256388211457,0.5993808427011209,1.0610105709188726,BB,BB,BB vs BM
-0.2631033023242426,0.8309794023226378,0.11612026610906766,0.6009675035388038,1.0609913011064718,BB,BB,BB vs BM
-0.22806057740408736,0.8317630978352788,0.1157618113811633,0.6024612288796222,1.0610649667909353,BB,BB,BB vs BM
-0.19301785248393255,0.8325467933479198,0.11545071165522597,0.6038611530754352,1.0612324336204044,BB,BB,BB vs BM
-0.1579751275637773,0.8333304888605608,0.11518735062319553,0.6051665161063551,1.0614944616147666,BB,BB,BB vs BM
-0.12293240264362248,0.8341141843732018,0.11497205634382031,0.606376668151139,1.0618517005952648,BB,BB,BB vs BM
-0.08788967772346767,0.8348978798858427,0.11480509923651021,0.6074910735609806,1.0623046862107048,BB,BB,BB vs BM
-0.05284695280331242,0.8356815753984838,0.11468669040444962,0.6085093141811005,1.0628538366158669,BB,BB,BB vs BM
-0.01780422788315761,0.8364652709111248,0.11461698031090312,0.6094310919727296,1.06349944984952,BB,BB,BB vs BM
0.017238497036997202,0.8372489664237658,0.11459605782790515,0.6102562308974716,1.06424170195006,BB,BB,BB vs BM
0.05228122195715246,0.8380326619364068,0.114623949671288,0.6109846780364045,1.065080645836409,BB,BB,BB vs BM
0.08732394687730727,0.8388163574490478,0.11470062023039851,0.6116165039273789,1.0660162109707167,BB,BB,BB vs BM
0.12236667179746208,0.8396000529616888,0.11482597179502987,0.6121519021155089,1.0670482038078688,BB,BB,BB vs BM
0.15740939671761733,0.8403837484743298,0.11499984517620294,0.6125911879235251,1.0681763090251346,BB,BB,BB vs BM
0.19245212163777214,0.8411674439869707,0.11522202071162894,0.6129347964601453,1.0694000915137962,BB,BB,BB vs BM
0.22749484655792696,0.8419511394996118,0.1154922196411265,0.6131832798956394,1.0707189991035841,BB,BB,BB vs BM
0.2625375714780822,0.8427348350122528,0.11581010583209102,0.6133373040440051,1.0721323659805004,BB,BB,BB vs BM
0.297580296398237,0.8435185305248938,0.11617528783045382,0.6133976443004137,1.073639416749374,BB,BB,BB vs BM
0.3326230213183923,0.8443022260375348,0.11658732120852684,0.6133651809905811,1.0752392710844885,BB,BB,BB vs BM
0.3676657462385471,0.8450859215501758,0.11704571117778896,0.6132408941953413,1.0769309489050103,BB,BB,BB vs BM
0.4027084711587019,0.8458696170628168,0.1175499154320892,0.6130258581188077,1.078713376006826,BB,BB,BB vs BM
0.43775119607885715,0.8466533125754577,0.11809934718494854,0.6127212350720629,1.0805853900788525,BB,BB,BB vs BM
0.47279392099901196,0.8474370080880987,0.11869337836363685,0.6123282691463072,1.0825457470298903,BB,BB,BB vs BM
0.5078366459191668,0.8482207036007398,0.1193313429224638,0.6118482796498668,1.0845931275516127,BB,BB,BB vs BM
0.542879370839322,0.8490043991133808,0.1200125402382043,0.6112826543825093,1.0867261438442521,BB,BB,BB vs BM
0.5779220957594768,0.8497880946260218,0.12073623855171783,0.6106328428182586,1.088943346433785,BB,BB,BB vs BM
0.61296482067963165,0.8505717901386628,0.12150167842153776,0.6099003492644987,1.091243231012827,BB,BB,BB vs BM
0.6480075455997869,0.8513554856513038,0.12230807615741078,0.6090867260607933,1.0936242452418143,BB,BB,BB vs BM
0.6830502705199417,0.8521391811639447,0.12315462720436438,0.608193566875699,1.0960847954521904,BB,BB,BB vs BM
0.718092995440097,0.8529228766765857,0.12404050945077458,0.6072225001541207,1.0986232531990507,BB,BB,BB vs BM
0.7531357203602518,0.8537065721892267,0.12496488643699949,0.6061751827616245,1.101237961616829,BB,BB,BB vs BM
0.7881784452804066,0.8544902677018678,0.12592691044435028,0.605053293865782,1.1039272415379535,BB,BB,BB vs BM
0.8232211702005618,0.8552739632145088,0.12692572544740252,0.6038585290882095,1.106689397340808,BB,BB,BB vs BM
0.8582638951207167,0.8560576587271498,0.1279604699158383,0.6025925949546573,1.1095227224996422,BB,BB,BB vs BM
0.8933066200408719,0.8568413542397908,0.12903027945508627,0.601257203664411,1.1124255048151706,BB,BB,BB vs BM
0.9283493449610267,0.8576250497524317,0.13013428927794515,0.5998540681944804,1.115396031310383,BB,BB,BB vs BM
0.9633920698811815,0.8584087452650727,0.13127163650209028,0.598384897748681,1.1184325927814645,BB,BB,BB vs BM
0.9984347948013363,0.8591924407777137,0.1324414622708489,0.5968513935567873,1.12153348799864,BB,BB,BB vs BM
1.0334775197214912,0.8599761362903547,0.13364291369686315,0.5952552450245092,1.1246970275562003,BB,BB,BB vs BM
1.0685202446416469,0.8607598318029958,0.13487514563023276,0.5935981262311427,1.1279215373748488,BB,BB,BB vs BM
1.1035629695618017,0.8615435273156368,0.13613732225443734,0.5918816927683542,1.1312053618629192,BB,BB,BB vs BM
1.1386056944819565,0.8623272228282778,0.13742861851478863,0.5901075789106921,1.1345468667458634,BB,BB,BB vs BM
1.1736484194021113,0.8631109183409187,0.13874822138535992,0.588277395106043,1.1379444415757942,BB,BB,BB vs BM
1.208691144322266,0.8638946138535597,0.14009533098130408,0.5863927257723445,1.141396501934775,BB,BB,BB vs BM
1.243733869242421,0.8646783093662007,0.14146916152421413,0.5844551273853904,1.144901491347011,BB,BB,BB vs BM
1.2787765941625766,0.8654620048788417,0.1428689421687233,0.5824661268414963,1.1484578829161871,BB,BB,BB vs BM
1.3138193190827314,0.8662457003914827,0.14429391769890568,0.5804272200780636,1.152064180704902,BB,BB,BB vs BM
1.3488620440028862,0.8670293959041238,0.1457433491032434,0.5783398709346795,1.1557189208735679,BB,BB,BB vs BM
1.383904768923041,0.8678130914167648,0.1472165140369923,0.576205510237261,1.1594206725962686,BB,BB,BB vs BM
1.4189474938431959,0.8685967869294057,0.1487127071807274,0.5740255350878434,1.163168038770968,BB,BB,BB vs BM
1.4539902187633515,0.8693804824420467,0.15023124050369938,0.5718013083429239,1.1669596565411695,BB,BB,BB vs BM
1.4890329436835064,0.8701641779546877,0.15177144344040053,0.5695341582637168,1.1707941976456586,BB,BB,BB vs BM
1.5240756686036612,0.8709478734673287,0.15333266298844414,0.5672253783222743,1.1746703686123832,BB,BB,BB vs BM
1.559118393523816,0.8717315689799697,0.15491426373551154,0.5648762271481086,1.178586910811831,BB,BB,BB vs BM
1.5941611184439708,0.8725152644926107,0.15651562782273926,0.562487928600716,1.1825426003845054,BB,BB,BB vs BM
1.6292038433641256,0.8732989600052518,0.15813615485150628,0.5600616719542125,1.1865362480562909,BB,BB,BB vs BM
1.6642465682842813,0.8740826555178928,0.15977526174015708,0.5575986121811387,1.1905666988546468,BB,BB,BB vs BM
1.6992892932044361,0.8748663510305337,0.1614323825367592,0.55509987032335,1.1946328317377173,BB,BB,BB vs BM
1.734332018124591,0.8756500465431747,0.16310696819356363,0.5525665339387684,1.198733559147581,BB,BB,BB vs BM
1.7693747430447457,0.8764337420558157,0.16479848630840196,0.5499996576136237,1.2028678264980077,BB,BB,BB vs BM
1.8044174679649005,0.8772174375684567,0.16650642083783943,0.5474002635306432,1.2070346116062702,BB,BB,BB vs BM
1.8394601928850562,0.8780011330810977,0.1682302717864938,0.5447693420844506,1.2112329240777449,BB,BB,BB vs BM
1.874502917805211,0.8787848285937387,0.16996955487654317,0.5421078525362073,1.2154618046512702,BB,BB,BB vs BM
1.9095456427253659,0.8795685241063798,0.17172380120107292,0.5394167237002659,1.2197203245124935,BB,BB,BB vs BM
1.9445883676455207,0.8803522196190207,0.17349255686456336,0.5366968546562947,1.2240075845817466,BB,BB,BB vs BM
1.9796310925656755,0.8811359151316617,0.17527538261348813,0.5339491154809913,1.228322714782332,BB,BB,BB vs BM
2.0146738174858303,0.8819196106443027,0.17707185345968543,0.5311743479941113,1.232664873294494,BB,BB,BB vs BM
2.049716542405986,0.8827033061569437,0.17888155829887759,0.5283733665141084,1.237033245799779,BB,BB,BB vs BM
2.084759267326141,0.8834870016695847,0.1807040995264466,0.5255469586192079,1.2414270447199616,BB,BB,BB vs BM
2.1198019922462956,0.8842706971822257,0.18253909265232976,0.5226958859102258,1.2458455084542257,BB,BB,BB vs BM
2.1548447171664504,0.8850543926948666,0.184386165916672,0.5198208847718861,1.2502879006178471,BB,BB,BB vs BM
2.1898874420866052,0.8858380882075076,0.1862449599076655,0.5169226671298085,1.254753509285207,BB,BB,BB vs BM
2.22493016700676,0.8866217837201487,0.18811512718281886,0.5140019212007001,1.2592416462395972,BB,BB,BB vs BM
2.2599728919269158,0.8874054792327897,0.18999633189472653,0.5110593122336341,1.2637516462319454,BB,BB,BB vs BM
2.2950156168470706,0.8881891747454307,0.191888249422253,0.508095483240604,1.2682828662502574,BB,BB,BB vs BM
2.3300583417672254,0.8889728702580717,0.1937905660079077,0.5051110557148132,1.2728346848013303,BB,BB,BB vs BM
2.36510106668738,0.8897565657707127,0.1957029784020581,0.5021066303354205,1.277406501206005,BB,BB,BB vs BM
2.400143791607535,0.8905402612833537,0.19762519351451724,0.49908278765767855,1.2819977349090288,BB,BB,BB vs BM
2.4351865165276907,0.8913239567959947,0.19955692807393863,0.49604008878760664,1.2866078248043828,BB,BB,BB vs BM
2.4702292414478455,0.8921076523086356,0.20149790829536315,0.49297907604051633,1.291236228576755,BB,BB,BB vs BM
2.5052719663680003,0.8928913478212767,0.20344786955618094,0.489900273582869,1.2958824220596843,BB,BB,BB vs BM
2.540314691288155,0.8936750433339177,0.2054065560807001,0.4868041880570838,1.3005458986107516,BB,BB,BB vs BM
2.57535741620831,0.8944587388465587,0.2073737206334533,0.483691309189039,1.3052261685040785,BB,BB,BB vs BM
2.6104001411284647,0.8952424343591997,0.20934912422131605,0.48056211037811775,1.3099227583402817,BB,BB,BB vs BM
2.6454428660486204,0.8960261298718407,0.2113325358044645,0.4774170492697455,1.314635210473936,BB,BB,BB vs BM
2.6804855909687753,0.8968098253844816,0.21332373201615726,0.4742565683104478,1.3193630824585154,BB,BB,BB vs BM
2.71552831588893,0.8975935208971226,0.21532249689129104,0.4710810952855302,1.324105946508715,BB,BB,BB vs BM
2.750571040809085,0.8983772164097636,0.21732862160364783,0.46789104383954,1.3288633889799872,BB,BB,BB vs BM
2.7856137657292397,0.8991609119224047,0.2193419042117256,0.4646868139797272,1.3336350098650822,BB,BB,BB vs BM
2.8206564906493954,0.8999446074350457,0.2213621494130215,0.46146879256276235,1.338420422307329,BB,BB,BB vs BM
2.85569921556955,0.9007283029476867,0.22338916830661826,0.4582373537650068,1.3432192521303665,BB,BB,BB vs BM
2.890741940489705,0.9015119984603277,0.2254227781639095,0.4549928595366621,1.3480311373839933,BB,BB,BB vs BM
2.92578466540986,0.9022956939729687,0.22746280220728493,0.45173566004015175,1.3528557279057858,BB,BB,BB vs BM
2.9608273903300146,0.9030793894856096,0.22950906939658938,0.4484660940731049,1.3576926848981143,BB,BB,BB vs BM
2.9958701152501694,0.9038630849982506,0.23156141422315865,0.4451844894763319,1.3625416805201693,BB,BB,BB vs BM
3.030912840170325,0.9046467805108916,0.2336196765112323,0.4418911635271868,1.3674023974945966,BB,BB,BB vs BM
3.06595556509048,0.9054304760235327,0.23568370122653612,0.4385864233187292,1.3722745287283362,BB,BB,BB vs BM
3.1009982900106348,0.9062141715361737,0.23775333829182754,0.4352705661250928,1.3771577769472545,BB,BB,BB vs BM
3.1360410149307896,0.9069978670488147,0.23982844240919388,0.4319438797534788,1.3820518543441507,BB,BB,BB vs BM
3.1710837398509444,0.9077815625614556,0.24190887288889298,0.4286066428831893,1.386956482239722,BB,BB,BB vs BM
3.2061264647711,0.9085652580740966,0.24399449348452912,0.42525912539211264,1.3918713907560805,BB,BB,BB vs BM
3.241169189691255,0.9093489535867376,0.2460851722343547,0.42190158867107347,1.3967963185024017,BB,BB,BB vs BM
3.2762119146114097,0.9101326490993786,0.2481807813084946,0.41853428592645237,1.4017310122723048,BB,BB,BB vs BM
3.3112546395315645,0.9109163446120196,0.2502811968618906,0.4151574624714746,1.4066752267525646,BB,BB,BB vs BM
3.3462973644517193,0.9117000401246607,0.2523862988927663,0.4117713560065639,1.4116287242427574,BB,BB,BB vs BM
3.381340089371874,0.9124837356373017,0.2544959711064202,0.40837619688914195,1.4165912743854614,BB,BB,BB vs BM
3.41638281429203,0.9132674311499427,0.2566101007841541,0.4049722083932561,1.4215626539066293,BB,BB,BB vs BM
3.4514255392121846,0.9140511266625836,0.2587285786571525,0.40155960695939996,1.426542646365767,BB,BB,BB vs BM
3.4864682641323395,0.9148348221752246,0.260851298785131,0.39813860243488797,1.4315310419155614,BB,BB,BB vs BM
3.5215109890524943,0.9156185176878656,0.26297815843957806,0.39470939830513074,1.4365276370706006,BB,BB,BB vs BM
3.556553713972649,0.9164022132005066,0.2651090579914174,0.3912721919161535,1.4415322344848598,BB,BB,BB vs BM
3.591596438892804,0.9171859087131476,0.2672439008029263,0.3878271746886861,1.4465446427376092,BB,BB,BB vs BM
3.6266391638129596,0.9179696042257887,0.2693825931237479,0.38437453232414265,1.4515646761274348,BB,BB,BB vs BM
3.6616818887331144,0.9187532997384296,0.2715250439908405,0.380914445002802,1.4565921544740572,BB,BB,BB vs BM
3.696724613653269,0.9195369952510706,0.2736711651322144,0.377447087574487,1.4616269029276543,BB,BB,BB vs BM
3.731767338573424,0.9203206907637116,0.2758208708743093,0.37397262974203205,1.4666687517853911,BB,BB,BB vs BM
3.766810063493579,0.9211043862763526,0.27797407805287133,0.3704912362378183,1.4717175363148869,BB,BB,BB vs BM
3.8018527884137345,0.9218880817889936,0.2801307059271939,0.36700306699364627,1.476773096584341,BB,BB,BB vs BM
3.83689551333389,0.9226717773016346,0.2822906760975908,0.36350827730420565,1.4818352772990635,BB,BB,BB vs BM
-3.13660674577695,1.1877174291656205,0.28749203406495644,0.6182510400824528,1.7571838182487882,BM,BM,BB vs BM
-3.101564020856795,1.1884177149723913,0.2850174375030186,0.6238530254202999,1.7529824045244828,BM,BM,BB vs BM
-3.06652129593664,1.189118000779162,0.2825492023224268,0.6294424100860047,1.7487935914723192,BM,BM,BB vs BM
-3.031478571016485,1.1898182865859326,0.2800874966998058,0.6350188609540409,1.7446177122178241,BM,BM,BB vs BM
-2.9964358460963303,1.1905185723927032,0.27763249432362797,0.6405820339809726,1.740455110804434,BM,BM,BB vs BM
-2.961393121176175,1.191218858199474,0.2751843745989703,0.6461315737998705,1.7363061425990776,BM,BM,BB vs BM
-2.9263503962560202,1.1919191440062447,0.2727433228600931,0.6516671132992339,1.7321711747132555,BM,BM,BB vs BM
-2.8913076713358654,1.1926194298130153,0.2703095305910895,0.6571882731859273,1.7280505864401032,BM,BM,BB vs BM
-2.85626494641571,1.1933197156197861,0.26788319565485386,0.6626946615316376,1.7239447697079346,BM,BM,BB vs BM
-2.8212222214955553,1.1940200014265567,0.26546452253061964,0.6681858733023567,1.7198541295507568,BM,BM,BB vs BM
-2.7861794965754,1.1947202872333273,0.2630537225603061,0.6736614898704174,1.7157790845962373,BM,BM,BB vs BM
-2.7511367716552453,1.195420573040098,0.2606510142039172,0.6791210785085966,1.7117200675715993,BM,BM,BB vs BM
-2.7160940467350905,1.1961208588468688,0.258256623304221,0.6845641918658362,1.7076775258279016,BM,BM,BB vs BM
-2.681051321814935,1.1968211446536394,0.25587078336093294,0.6899903674241388,1.70365192188314,BM,BM,BB vs BM
-2.6460085968947804,1.19752143046041,0.2534937358146117,0.695399126936225,1.6996437339845951,BM,BM,BB vs BM
-2.610965871974625,1.1982217162671807,0.2511257303404618,0.7007899758435671,1.6956534566907941,BM,BM,BB vs BM
-2.5759231470544703,1.1989220020739515,0.24876702515221752,0.7061624026744531,1.69168160147345,BM,BM,BB vs BM
-2.5408804221343155,1.1996222878807221,0.24641788731626046,0.71151587842178,1.6877286973396641,BM,BM,BB vs BM
-2.5058376972141607,1.2003225736874927,0.244078593076095,0.7168498559003313,1.6837952914746541,BM,BM,BB vs BM
-2.4707949722940055,1.2010228594942636,0.24174942818727446,0.7221637690833523,1.679881949905175,BM,BM,BB vs BM
-2.4357522473738507,1.2017231453010342,0.239430688262833,0.7274570324183153,1.675989258183753,BM,BM,BB vs BM
-2.4007095224536954,1.2024234311078048,0.23712267912923293,0.7327290401218576,1.672117822093752,BM,BM,BB vs BM
-2.3656667975335406,1.2031237169145754,0.23482571719278938,0.7379791654539642,1.6682682683751866,BM,BM,BB vs BM
-2.3306240726133858,1.2038240027213463,0.23254012981647315,0.7432067599715941,1.6644412454710984,BM,BM,BB vs BM
-2.295581347693231,1.2045242885281169,0.23026625570692713,0.7484111527620745,1.6606374242941593,BM,BM,BB vs BM
-2.2605386227730757,1.2052245743348875,0.22800444531145708,0.7535916496567394,1.6568574990130356,BM,BM,BB vs BM
-2.225495897852921,1.2059248601416581,0.22575506122466893,0.7587475324254591,1.6531021878578571,BM,BM,BB vs BM
-2.1904531729327656,1.206625145948429,0.22351847860432997,0.7638780579528993,1.6493722339439585,BM,BM,BB vs BM
-2.155410448012611,1.2073254317551996,0.2212950855959213,0.7689824573975635,1.6456684061128355,BM,BM,BB vs BM
-2.120367723092456,1.2080257175619702,0.21908528376522568,0.7740599353349212,1.641991499789019,BM,BM,BB vs BM
-2.0853249981723008,1.208726003368741,0.21688948853815918,0.7791096688861854,1.6383423378512967,BM,BM,BB vs BM
-2.050282273252146,1.2094262891755116,0.21470812964690142,0.7841308068346134,1.6347217715164097,BM,BM,BB vs BM
-2.0152395483319907,1.2101265749822823,0.21254165158121,0.7891224687315419,1.6311306812330226,BM,BM,BB vs BM
-1.980196823411836,1.2108268607890529,0.21039051404361803,0.7940837439947264,1.6275699775833794,BM,BM,BB vs BM
-1.945154098491681,1.2115271465958237,0.20825519240700507,0.7990136910019825,1.624040602189665,BM,BM,BB vs BM
-1.910111373571526,1.2122274324025943,0.20613617817280663,0.8039113361835599,1.6205435286216288,BM,BM,BB vs BM
-1.875068648651371,1.212927718209365,0.2040339794278761,0.808775673117188,1.617079763301542,BM,BM,BB vs BM
-1.840025923731216,1.2136280040161356,0.20194912129774265,0.8136056616302588,1.6136503464020122,BM,BM,BB vs BM
-1.8049831988110612,1.2143282898229064,0.1998821463937119,0.8184002269142063,1.6102563527316065,BM,BM,BB vs BM
-1.7699404738909061,1.215028575629677,0.19783361525093682,0.8231582586567721,1.606898892602582,BM,BM,BB vs BM
-1.734897748970751,1.2157288614364476,0.1958041067542395,0.8278786101985351,1.6035791126743602,BM,BM,BB vs BM
-1.6998550240505963,1.2164291472432185,0.19379421854809567,0.8325600977208114,1.6002981967656256,BM,BM,BB vs BM
-1.6648122991304413,1.217129433049989,0.19180456742679516,0.83720149947282,1.5970573666271584,BM,BM,BB vs BM
-1.6297695742102862,1.2178297188567597,0.18983578970037357,0.8418015550468438,1.5938578826666756,BM,BM,BB vs BM
-1.5947268492901312,1.2185300046635303,0.18788854153146337,0.8463589647109926,1.590701044616068,BM,BM,BB vs BM
-1.5596841243699764,1.2192302904703012,0.18596349923774802,0.8508723888100989,1.5875881921305035,BM,BM,BB vs BM
-1.5246413994498214,1.2199305762770718,0.18406135955421737,0.8553404472462399,1.5845207053079036,BM,BM,BB vs BM
-1.4895986745296663,1.2206308620838424,0.18218283984892045,0.859761719051375,1.5815000051163097,BM,BM,BB vs BM
-1.4545559496095115,1.221331147890613,0.1803286782854003,0.8641347420655914,1.5785275537156347,BM,BM,BB vs BM
-1.4195132246893565,1.2220314336973839,0.17849963392447873,0.8684580127354892,1.5756048546592787,BM,BM,BB vs BM
-1.3844704997692014,1.2227317195041545,0.1766964867575412,0.8727299860482498,1.5727334529600592,BM,BM,BB vs BM
-1.3494277748490464,1.223432005310925,0.17492003766296893,0.8769490756179363,1.5699149350039139,BM,BM,BB vs BM
-1.3143850499288916,1.224132291117696,0.1731711082768789,0.8811136539415325,1.5671509282938594,BM,BM,BB vs BM
-1.2793423250087366,1.2248325769244666,0.171450540768882,0.8852220528431218,1.5644431010058113,BM,BM,BB vs BM
-1.2442996000885815,1.2255328627312372,0.16975919751316312,0.8892725641254156,1.5617931613370588,BM,BM,BB vs BM
-1.2092568751684265,1.2262331485380078,0.16809796064484453,0.8932634404485116,1.559202856627504,BM,BM,BB vs BM
-1.1742141502482717,1.2269334343447786,0.16646773149133073,0.89719289645629,1.5566739722332672,BM,BM,BB vs BM
-1.1391714253281167,1.2276337201515493,0.16486942986816985,0.9010591101711762,1.5542083301319223,BM,BM,BB vs BM
-1.1041287004079616,1.2283340059583199,0.16330399322892408,0.9048602246780852,1.5518077872385545,BM,BM,BB vs BM
-1.0690859754878068,1.2290342917650905,0.16177237565864294,0.908594350118156,1.5494742334120248,BM,BM,BB vs BM
-1.0340432505676516,1.2297345775718613,0.16027554670080277,0.9122595660123594,1.5472095891313633,BM,BM,BB vs BM
-0.9990005256474968,1.230434863378632,0.15881449000803688,0.915853923934141,1.545015802823123,BM,BM,BB vs BM
-0.9639578007273419,1.2311351491854026,0.15739020180766014,0.9193754505489232,1.542894847821882,BM,BM,BB vs BM
-0.9289150758071867,1.2318354349921734,0.15600368917391227,0.9228221510364576,1.5408487189478892,BM,BM,BB vs BM
-0.8938723508870319,1.232535720798944,0.15465596810002774,0.9261920129096834,1.5388794286882046,BM,BM,BB vs BM
-0.8588296259668771,1.2332360066057146,0.15334806136470872,0.9294830102408346,1.5369890029705946,BM,BM,BB vs BM
-0.8237869010467218,1.2339362924124853,0.15208099618934526,0.9326931083020353,1.5351794765229352,BM,BM,BB vs BM
-0.788744176126567,1.234636578219256,0.15085580168440435,0.9358202686235122,1.533452887815,BM,BM,BB vs BM
-0.7537014512064122,1.2353368640260267,0.14967350608580177,0.9388624544678087,1.5318112735842448,BM,BM,BB vs BM
-0.7186587262862569,1.2360371498327973,0.14853513378477243,0.941817636713042,1.5302566629525527,BM,BM,BB vs BM
-0.6836160013661021,1.236737435639568,0.1474417021577527,0.9446838001322948,1.528791071146841,BM,BM,BB vs BM
-0.6485732764459469,1.2374377214463388,0.1463942182060555,0.9474589500497728,1.5274164928429048,BM,BM,BB vs BM
-0.6135305515257921,1.2381380072531094,0.14539367501862116,0.9501411193474135,1.5261348951588052,BM,BM,BB vs BM
-0.5784878266056372,1.23883829305988,0.14444104807481206,0.95272837578834,1.52494821033142,BM,BM,BB vs BM
-0.543445101685482,1.2395385788666509,0.14353729140802202,0.9552188296160115,1.5238583281172904,BM,BM,BB vs BM
-0.5084023767653272,1.2402388646734215,0.14268333365472016,0.9576106413803065,1.5228670879665365,BM,BM,BB vs BM
-0.47335965184517237,1.240939150480192,0.14188007401734914,0.959902029934246,1.5219762710261382,BM,BM,BB vs BM
-0.4383169269250171,1.2416394362869627,0.14112837817315219,0.9620912805378186,1.5211875920361069,BM,BM,BB vs BM
-0.4032742020048623,1.2423397220937336,0.14042907416440356,0.9641767529986428,1.5205026911888244,BM,BM,BB vs BM
-0.3682314770847075,1.2430400079005042,0.13978294830854857,0.9661568897731931,1.5199231260278152,BM,BM,BB vs BM
-0.33318875216455224,1.2437402937072748,0.13919074116930577,0.9680302239472716,1.519450363467278,BM,BM,BB vs BM
-0.2981460272443974,1.2444405795140454,0.13865314363173487,0.9697953870105415,1.5190857720175495,BM,BM,BB vs BM
-0.2631033023242426,1.2451408653208162,0.13817079312552213,0.9714511163374737,1.5188306143041588,BM,BM,BB vs BM
-0.22806057740408736,1.2458411511275869,0.13774427004119147,0.9729962622861414,1.5186860399690323,BM,BM,BB vs BM
-0.19301785248393255,1.2465414369343575,0.13737409438353734,0.9744297948271265,1.5186530790415884,BM,BM,BB vs BM
-0.1579751275637773,1.2472417227411283,0.13706072270524802,0.9757508096174212,1.5187326358648354,BM,BM,BB vs BM
-0.12293240264362248,1.247942008547899,0.13680454536141795,0.9769585334387104,1.5189254836570876,BM,BM,BB vs BM
-0.08788967772346767,1.2486422943546696,0.136605884122446,0.9780523289257617,1.5192322597835775,BM,BM,BB vs BM
-0.05284695280331242,1.2493425801614402,0.13646499017871777,0.979031698518765,1.5196534618041153,BM,BM,BB vs BM
-0.01780422788315761,1.250042865968211,0.1363820425655498,0.9798962875832156,1.5201894443532065,BM,BM,BB vs BM
0.017238497036997202,1.2507431517749816,0.1363571470312314,0.980645886652104,1.5208404168978593,BM,BM,BB vs BM
0.05228122195715246,1.2514434375817522,0.13639033536476758,0.9812804327575294,1.5216064424059752,BM,BM,BB vs BM
0.08732394687730727,1.2521437233885229,0.13648156519326046,0.9818000098320476,1.522487436944998,BM,BM,BB vs BM
0.12236667179746208,1.2528440091952937,0.13663072025193362,0.9822048481738049,1.5234831702167826,BM,BM,BB vs BM
0.15740939671761733,1.2535442950020643,0.1368376111227962,0.9824953229833855,1.5245932670207432,BM,BM,BB vs BM
0.19245212163777214,1.254244580808835,0.13710197643103675,0.9826719519939868,1.525817209623683,BM,BM,BB vs BM
0.22749484655792696,1.2549448666156058,0.13742348448162353,0.9827353922296298,1.5271543410015818,BM,BM,BB vs BM
0.2625375714780822,1.2556451524223764,0.13780173531242995,0.9826864359383103,1.5286038689064425,BM,BM,BB vs BM
0.297580296398237,1.256345438229147,0.1382362631346583,0.9825260057579914,1.5301648707003026,BM,BM,BB vs BM
0.3326230213183923,1.2570457240359176,0.1387265391265258,0.9822551491828488,1.5318362988889864,BM,BM,BB vs BM
0.3676657462385471,1.2577460098426885,0.13927197454220286,0.9818750324050614,1.5336169872803156,BM,BM,BB vs BM
0.4027084711587019,1.258446295649459,0.1398719240949234,0.9813869336135213,1.535505657685397,BM,BM,BB vs BM
0.43775119607885715,1.2591465814562297,0.14052568957105155,0.9807922358350638,1.5375009270773956,BM,BM,BB vs BM
0.47279392099901196,1.2598468672630003,0.14123252363069413,0.9800924194061853,1.5396013151198154,BM,BM,BB vs BM
0.5078366459191668,1.2605471530697712,0.14199163375016546,0.9792890541637791,1.5418052519757632,BM,BM,BB vs BM
0.542879370839322,1.2612474388765418,0.1428021862621829,0.9783837914422848,1.5441110863107987,BM,BM,BB vs BM
0.5779220957594768,1.2619477246833124,0.14366331045102904,0.977378355961962,1.5465170934046628,BM,BM,BB vs BM
0.61296482067963165,1.2626480104900832,0.1445741026619561,0.9762745376889498,1.5490214832912166,BM,BM,BB vs BM
0.6480075455997869,1.2633482962968539,0.14553363038673367,0.9750741837425827,1.551622408851125,BM,BM,BB vs BM
0.6830502705199417,1.2640485821036245,0.14654093629032983,0.9737791904193116,1.5543179737879373,BM,BM,BB vs BM
0.718092995440097,1.264748867910395,0.1475950421471606,0.97239149539575,1.5571062404250402,BM,BM,BB vs BM
0.7531357203602518,1.265449153717166,0.14869495265902344,0.9709130701660835,1.5599852372682483,BM,BM,BB vs BM
0.7881784452804066,1.2661494395239365,0.14983965913064487,0.9693459127615159,1.5629529662863573,BM,BM,BB vs BM
0.8232211702005618,1.2668497253307072,0.1510281429826176,0.9676920407918188,1.5660074098695955,BM,BM,BB vs BM
0.8582638951207167,1.2675500111374778,0.1522593790852952,0.9659534848415262,1.5691465374334292,BM,BM,BB vs BM
0.8933066200408719,1.2682502969442486,0.15353233890087387,0.9641322822460765,1.5723683116424207,BM,BM,BB vs BM
0.9283493449610267,1.2689505827510192,0.15484599342436164,0.9622304712663173,1.575670694235721,BM,BM,BB vs BM
0.9633920698811815,1.2696508685577899,0.15619931591736763,0.9602500856733962,1.5790516514421835,BM,BM,BB vs BM
0.9984347948013363,1.2703511543645607,0.1575912844315995,0.9581931497501972,1.5825091589789242,BM,BM,BB vs BM
1.0334775197214912,1.2710514401713313,0.1590208841216162,0.956061673710223,1.5860412066324396,BM,BM,BB vs BM
1.0685202446416469,1.271751725978102,0.16048710934872992,0.95385764953017,1.5896458024260338,BM,BM,BB vs BM
1.1035629695618017,1.2724520117848725,0.16198896557998452,0.9515830471884176,1.5933209763813276,BM,BM,BB vs BM
1.1386056944819565,1.2731522975916434,0.1635254710878618,0.9492398112982374,1.5970647838850494,BM,BM,BB vs BM
1.1736484194021113,1.273852583398414,0.16509565845779334,0.9468298581217016,1.6008753086751264,BM,BM,BB vs BM
1.208691144322266,1.2745528692051846,0.16669857591170084,0.944355072948005,1.6047506654623642,BM,BM,BB vs BM
1.243733869242421,1.2752531550119552,0.1683332884566726,0.9418173078181585,1.608689002205752,BM,BM,BB vs BM
1.2787765941625766,1.275953440818726,0.1699988788685299,0.9392183795767319,1.6126885020607202,BM,BM,BB vs BM
1.3138193190827314,1.2766537266254967,0.17169444852047017,0.9365600682304724,1.616747385020521,BM,BM,BB vs BM
1.3488620440028862,1.2773540124322673,0.17341911806721644,0.9338441155931358,1.6208639092713988,BM,BM,BB vs BM
1.383904768923041,1.2780542982390382,0.17517202799518375,0.931072224195713,1.6250363722823633,BM,BM,BB vs BM
1.4189474938431959,1.2787545840458088,0.17695233904911017,0.9282460564413555,1.629263111650262,BM,BM,BB vs BM
1.4539902187633515,1.2794548698525794,0.17875923254542284,0.9253672339846584,1.6335425057205004,BM,BM,BB vs BM
1.4890329436835064,1.28015515565935,0.18059191058233304,0.9224373373155018,1.6378729740031983,BM,BM,BB vs BM
1.5240756686036612,1.2808554414661208,0.18244959615630202,0.9194579055283549,1.6422529774038868,BM,BM,BB vs BM
1.559118393523816,1.2815557272728915,0.18433153319410525,0.9164304362587622,1.6466810182870208,BM,BM,BB vs BM
1.5941611184439708,1.282256013079662,0.18623698650926693,0.9133563857696392,1.651155640389685,BM,BM,BB vs BM
1.6292038433641256,1.2829562988864327,0.18816524169114687,0.9102371691709692,1.6556754286018962,BM,BM,BB vs BM
1.6642465682842813,1.2836565846932035,0.1901156049344559,0.9070741607575017,1.6602390086289054,BM,BM,BB vs BM
1.6992892932044361,1.2843568704999742,0.19208740281645742,0.9038686944500709,1.6648450465498774,BM,BM,BB vs BM
1.734332018124591,1.2850571563067448,0.19407998202859914,0.9006220643271844,1.6694922482863053,BM,BM,BB vs BM
1.7693747430447457,1.2857574421135156,0.1960927090688031,0.8973355252345354,1.6741793589924958,BM,BM,BB vs BM
1.8044174679649005,1.2864577279202862,0.19812496990014825,0.8940102934610875,1.6789051623794848,BM,BM,BB vs BM
1.8394601928850562,1.2871580137270568,0.2001761695811931,0.8906475474713345,1.6836684799827792,BM,BM,BB vs BM
1.874502917805211,1.2878582995338275,0.20224573187272457,0.8872484286842554,1.6884681703833997,BM,BM,BB vs BM
1.9095456427253659,1.2885585853405983,0.20433309882527828,0.8838140422903566,1.69330312839084,BM,BM,BB vs BM
1.9445883676455207,1.289258871147369,0.20643773035135649,0.8803454580990266,1.6981722841957112,BM,BM,BB vs BM
1.9796310925656755,1.2899591569541395,0.20855910378587966,0.8768437114091963,1.7030746024990828,BM,BM,BB vs BM
2.0146738174858303,1.2906594427609102,0.2106967134380382,0.8733098038970346,1.7080090816247857,BM,BM,BB vs BM
2.049716542405986,1.291359728567681,0.21285007013737103,0.8697447045150803,1.7129747526202816,BM,BM,BB vs BM
2.084759267326141,1.2920600143744516,0.21501870077657956,0.8661493503978378,1.7179706783510653,BM,BM,BB vs BM
2.1198019922462956,1.2927603001812222,0.21720214785329411,0.8625246477694509,1.7229959525929934,BM,BM,BB vs BM
2.1548447171664504,1.293460585987993,0.21939996901274106,0.8588714728495915,1.7280496991263945,BM,BM,BB vs BM
2.1898874420866052,1.2941608717947637,0.22161173659301245,0.8551906727541914,1.733131070835336,BM,BM,BB vs BM
2.22493016700676,1.2948611576015343,0.22383703717441683,0.8514830663880933,1.7382392488149754,BM,BM,BB vs BM
2.2599728919269158,1.295561443408305,0.22607547113418408,0.847749445327094,1.743373441489516,BM,BM,BB vs BM
2.2950156168470706,1.2962617292150758,0.22832665220761425,0.8439905746872238,1.7485328837429277,BM,BM,BB vs BM
2.3300583417672254,1.2969620150218464,0.2305902070565918,0.8402071939794374,1.7537168360642554,BM,BM,BB vs BM
2.36510106668738,1.297662300828617,0.2328657748462372,0.8364000179481853,1.7589245837090486,BM,BM,BB vs BM
2.400143791607535,1.2983625866353876,0.23515300683033272,0.8325697373926054,1.7641554358781697,BM,BM,BB vs BM
2.4351865165276907,1.2990628724421585,0.23745156594603897,0.8287170199693121,1.7694087249150048,BM,BM,BB vs BM
2.4702292414478455,1.299763158248929,0.23976112641831074,0.8248425109759714,1.7746838055218868,BM,BM,BB vs BM
2.5052719663680003,1.3004634440556997,0.2420813733743259,0.8209468341150439,1.7799800539963555,BM,BM,BB vs BM
2.540314691288155,1.3011637298624705,0.24441200246815595,0.8170305922372398,1.7852968674877012,BM,BM,BB vs BM
2.57535741620831,1.3018640156692411,0.2467527195158333,0.8130943680643807,1.7906336632741016,BM,BM,BB vs BM
2.6104001411284647,1.3025643014760118,0.24910324014090343,0.8091387248914922,1.7959898780605315,BM,BM,BB vs BM
2.6454428660486204,1.3032645872827824,0.25146328943049573,0.8051642072680614,1.8013649672975034,BM,BM,BB vs BM
2.6804855909687753,1.3039648730895532,0.2538326016018932,0.8011713416584989,1.8067584045206075,BM,BM,BB vs BM
2.71552831588893,1.3046651588963238,0.2562109196795427,0.7971606370819176,1.81216968071073,BM,BM,BB vs BM
2.750571040809085,1.3053654447030945,0.258597995182407,0.7931325857314302,1.8175983036747587,BM,BM,BB vs BM
2.7856137657292397,1.306065730509865,0.26099358782153037,0.7890876635732123,1.823043797446518,BM,BM,BB vs BM
2.8206564906493954,1.306766016316636,0.2633974652076612,0.785026330925646,1.8285057017076258,BM,BM,BB vs BM
2.85569921556955,1.3074663021234065,0.2658094025687556,0.7809490330188905,1.8339835712279227,BM,BM,BB vs BM
2.890741940489705,1.3081665879301771,0.2682291824771645,0.7768562005352732,1.839476975325081,BM,BM,BB vs BM
2.92578466540986,1.308866873736948,0.2706565945862925,0.7727482501309163,1.8449854973429796,BM,BM,BB vs BM
2.9608273903300146,1.3095671595437186,0.27309143537650704,0.7686255849390425,1.8505087341483946,BM,BM,BB vs BM
2.9958701152501694,1.3102674453504892,0.2755335079100628,0.7644885950554231,1.8560462956455552,BM,BM,BB vs BM
3.030912840170325,1.3109677311572598,0.27798262159480386,0.7603376580064379,1.8615978043080816,BM,BM,BB vs BM
3.06595556509048,1.3116680169640307,0.2804385919563972,0.756173139200237,1.8671628947278243,BM,BM,BB vs BM
3.1009982900106348,1.3123683027708013,0.2829012404188517,0.7519953923614898,1.8727412131801127,BM,BM,BB vs BM
3.1360410149307896,1.313068588577572,0.2853703940930711,0.7478047599502222,1.8783324172049216,BM,BM,BB vs BM
3.1710837398509444,1.3137688743843428,0.28784588557319346,0.7436015735652282,1.8839361752034574,BM,BM,BB vs BM
3.2061264647711,1.3144691601911134,0.29032755274046723,0.7393861543325528,1.889552166049674,BM,BM,BB vs BM
3.241169189691255,1.315169445997884,0.2928152385744176,0.7351588132795372,1.8951800787162307,BM,BM,BB vs BM
3.2762119146114097,1.3158697318046546,0.29530879097105944,0.730919851694902,1.9008196119144072,BM,BM,BB vs BM
3.3112546395315645,1.3165700176114254,0.2978080625679167,0.7266695614753511,1.9064704737474998,BM,BM,BB vs BM
3.3462973644517193,1.317270303418196,0.30031291057561116,0.7224082254591615,1.9121323813772306,BM,BM,BB vs BM
3.381340089371874,1.3179705892249667,0.30282319661578994,0.7181361177472181,1.9178050607027153,BM,BM,BB vs BM
3.41638281429203,1.3186708750317373,0.3053387865651647,0.7138535040119419,1.9234882460515328,BM,BM,BB vs BM
3.4514255392121846,1.3193711608385081,0.3078595504054415,0.7095606417945505,1.9291816798824657,BM,BM,BB vs BM
3.4864682641323395,1.3200714466452788,0.3103853620789251,0.7052577807910765,1.934885112499481,BM,BM,BB vs BM
3.5215109890524943,1.3207717324520494,0.31291609934958897,0.7009451631275634,1.9405983017765354,BM,BM,BB vs BM
3.556553713972649,1.3214720182588202,0.3154516436694057,0.6966230236248381,1.9463210128928023,BM,BM,BB vs BM
3.591596438892804,1.3221723040655908,0.3179918800497414,0.6922915900532532,1.9520530180779283,BM,BM,BB vs BM
3.6266391638129596,1.3228725898723614,0.3205366969376206,0.6879510833777842,1.9577940963669387,BM,BM,BB vs BM
3.6616818887331144,1.323572875679132,0.32308598609667744,0.6836017179938405,1.9635440333644236,BM,BM,BB vs BM
3.696724613653269,1.324273161485903,0.32563964249261235,0.6792437019541553,1.9693026210176505,BM,BM,BB vs BM
3.731767338573424,1.3249734472926735,0.3281975641829808,0.6748772371870908,1.9750696573982562,BM,BM,BB vs BM
3.766810063493579,1.3256737330994441,0.33075965221114667,0.6705025197066984,1.9808449464921898,BM,BM,BB vs BM
3.8018527884137345,1.3263740189062148,0.3333258105042381,0.6661197398148472,1.9866282979975822,BM,BM,BB vs BM
3.83689551333389,1.3270743047129856,0.3358959457749486,0.6617290822957376,1.9924195271302336,BM,BM,BB vs BM
